Country,Happiness Score,GDP per capita,Family,Health,Freedom,Generosity,Trust,Happiness Target,GDP Target,Year
Finland,7.769,1.34,1.587,0.986,0.596,0.153,0.393,Top,Top,2019
Denmark,7.6,1.383,1.573,0.996,0.592,0.252,0.41,Top,Top,2019
Norway,7.554,1.488,1.582,1.028,0.603,0.271,0.341,Top,Top,2019
Iceland,7.494,1.38,1.624,1.026,0.591,0.354,0.118,Top,Top,2019
Netherlands,7.488,1.396,1.522,0.999,0.557,0.322,0.298,Top,Top,2019
Switzerland,7.48,1.452,1.526,1.052,0.572,0.263,0.343,Top,Top,2019
Sweden,7.343,1.387,1.487,1.009,0.574,0.267,0.373,Top,Top,2019
New Zealand,7.307,1.303,1.557,1.026,0.585,0.33,0.38,Top,Top,2019
Canada,7.278,1.365,1.505,1.039,0.584,0.285,0.308,Top,Top,2019
Austria,7.246,1.376,1.475,1.016,0.532,0.244,0.226,Top,Top,2019
Australia,7.228,1.372,1.548,1.036,0.557,0.332,0.29,Top,Top,2019
Costa Rica,7.167,1.034,1.441,0.963,0.558,0.144,0.093,Top,Top-Mid,2019
Israel,7.139,1.276,1.455,1.029,0.371,0.261,0.082,Top,Top,2019
Luxembourg,7.09,1.609,1.479,1.012,0.526,0.194,0.316,Top,Top,2019
United Kingdom,7.054,1.333,1.538,0.996,0.45,0.348,0.278,Top,Top,2019
Ireland,7.021,1.499,1.553,0.999,0.516,0.298,0.31,Top,Top,2019
Germany,6.985,1.373,1.454,0.987,0.495,0.261,0.265,Top,Top,2019
Belgium,6.923,1.356,1.504,0.986,0.473,0.16,0.21,Top,Top,2019
United States,6.892,1.433,1.457,0.874,0.454,0.28,0.128,Top,Top,2019
Czech Republic,6.852,1.269,1.487,0.92,0.457,0.046,0.036,Top,Top,2019
United Arab Emirates,6.825,1.503,1.31,0.825,0.598,0.262,0.182,Top,Top,2019
Malta,6.726,1.3,1.52,0.999,0.564,0.375,0.151,Top,Top,2019
Mexico,6.595,1.07,1.323,0.861,0.433,0.074,0.073,Top,Top-Mid,2019
France,6.592,1.324,1.472,1.045,0.436,0.111,0.183,Top,Top,2019
Taiwan,6.446,1.368,1.43,0.914,0.351,0.242,0.097,Top,Top,2019
Chile,6.444,1.159,1.369,0.92,0.357,0.187,0.056,Top,Top-Mid,2019
Guatemala,6.436,0.8,1.269,0.746,0.535,0.175,0.078,Top,Low-Mid,2019
Saudi Arabia,6.375,1.403,1.357,0.795,0.439,0.08,0.132,Top,Top,2019
Qatar,6.374,1.684,1.313,0.871,0.555,0.22,0.167,Top,Top,2019
Spain,6.354,1.286,1.484,1.062,0.362,0.153,0.079,Top,Top,2019
Panama,6.321,1.149,1.442,0.91,0.516,0.109,0.054,Top,Top-Mid,2019
Brazil,6.3,1.004,1.439,0.802,0.39,0.099,0.086,Top,Top-Mid,2019
Uruguay,6.293,1.124,1.465,0.891,0.523,0.127,0.15,Top,Top-Mid,2019
Singapore,6.262,1.572,1.463,1.141,0.556,0.271,0.453,Top,Top,2019
El Salvador,6.253,0.794,1.242,0.789,0.43,0.093,0.074,Top,Low-Mid,2019
Italy,6.223,1.294,1.488,1.039,0.231,0.158,0.03,Top,Top,2019
Bahrain,6.199,1.362,1.368,0.871,0.536,0.255,0.11,Top,Top,2019
Slovakia,6.198,1.246,1.504,0.881,0.334,0.121,0.014,Top,Top,2019
Trinidad & Tobago,6.192,1.231,1.477,0.713,0.489,0.185,0.016,Top,Top-Mid,2019
Poland,6.182,1.206,1.438,0.884,0.483,0.117,0.05,Top-Mid,Top-Mid,2019
Uzbekistan,6.174,0.745,1.529,0.756,0.631,0.322,0.24,Top-Mid,Low-Mid,2019
Lithuania,6.149,1.238,1.515,0.818,0.291,0.043,0.042,Top-Mid,Top,2019
Colombia,6.125,0.985,1.41,0.841,0.47,0.099,0.034,Top-Mid,Top-Mid,2019
Slovenia,6.118,1.258,1.523,0.953,0.564,0.144,0.057,Top-Mid,Top,2019
Nicaragua,6.105,0.694,1.325,0.835,0.435,0.2,0.127,Top-Mid,Low-Mid,2019
Kosovo,6.1,0.882,1.232,0.758,0.489,0.262,0.006,Top-Mid,Low-Mid,2019
Argentina,6.086,1.092,1.432,0.881,0.471,0.066,0.05,Top-Mid,Top-Mid,2019
Romania,6.07,1.162,1.232,0.825,0.462,0.083,0.005,Top-Mid,Top-Mid,2019
Cyprus,6.046,1.263,1.223,1.042,0.406,0.19,0.041,Top-Mid,Top,2019
Ecuador,6.028,0.912,1.312,0.868,0.498,0.126,0.087,Top-Mid,Low-Mid,2019
Kuwait,6.021,1.5,1.319,0.808,0.493,0.142,0.097,Top-Mid,Top,2019
Thailand,6.008,1.05,1.409,0.828,0.557,0.359,0.028,Top-Mid,Top-Mid,2019
Latvia,5.94,1.187,1.465,0.812,0.264,0.075,0.064,Top-Mid,Top-Mid,2019
South Korea,5.895,1.301,1.219,1.036,0.159,0.175,0.056,Top-Mid,Top,2019
Estonia,5.893,1.237,1.528,0.874,0.495,0.103,0.161,Top-Mid,Top,2019
Jamaica,5.89,0.831,1.478,0.831,0.49,0.107,0.028,Top-Mid,Low-Mid,2019
Mauritius,5.888,1.12,1.402,0.798,0.498,0.215,0.06,Top-Mid,Top-Mid,2019
Japan,5.886,1.327,1.419,1.088,0.445,0.069,0.14,Top-Mid,Top,2019
Honduras,5.86,0.642,1.236,0.828,0.507,0.246,0.078,Top-Mid,Low-Mid,2019
Kazakhstan,5.809,1.173,1.508,0.729,0.41,0.146,0.096,Top-Mid,Top-Mid,2019
Bolivia,5.779,0.776,1.209,0.706,0.511,0.137,0.064,Top-Mid,Low-Mid,2019
Hungary,5.758,1.201,1.41,0.828,0.199,0.081,0.02,Top-Mid,Top-Mid,2019
Paraguay,5.743,0.855,1.475,0.777,0.514,0.184,0.08,Top-Mid,Low-Mid,2019
Northern Cyprus,5.718,1.263,1.252,1.042,0.417,0.191,0.162,Top-Mid,Top,2019
Peru,5.697,0.96,1.274,0.854,0.455,0.083,0.027,Top-Mid,Low-Mid,2019
Portugal,5.693,1.221,1.431,0.999,0.508,0.047,0.025,Top-Mid,Top-Mid,2019
Pakistan,5.653,0.677,0.886,0.535,0.313,0.22,0.098,Top-Mid,Low-Mid,2019
Russia,5.648,1.183,1.452,0.726,0.334,0.082,0.031,Top-Mid,Top-Mid,2019
Philippines,5.631,0.807,1.293,0.657,0.558,0.117,0.107,Top-Mid,Low-Mid,2019
Serbia,5.603,1.004,1.383,0.854,0.282,0.137,0.039,Top-Mid,Top-Mid,2019
Moldova,5.529,0.685,1.328,0.739,0.245,0.181,0.0,Top-Mid,Low-Mid,2019
Libya,5.525,1.044,1.303,0.673,0.416,0.133,0.152,Top-Mid,Top-Mid,2019
Montenegro,5.523,1.051,1.361,0.871,0.197,0.142,0.08,Top-Mid,Top-Mid,2019
Tajikistan,5.467,0.493,1.098,0.718,0.389,0.23,0.144,Top-Mid,Low,2019
Croatia,5.432,1.155,1.266,0.914,0.296,0.119,0.022,Top-Mid,Top-Mid,2019
Hong Kong,5.43,1.438,1.277,1.122,0.44,0.258,0.287,Top-Mid,Top,2019
Dominican Republic,5.425,1.015,1.401,0.779,0.497,0.113,0.101,Top-Mid,Top-Mid,2019
Bosnia and Herzegovina,5.386,0.945,1.212,0.845,0.212,0.263,0.006,Top-Mid,Low-Mid,2019
Turkey,5.373,1.183,1.36,0.808,0.195,0.083,0.106,Low-Mid,Top-Mid,2019
Malaysia,5.339,1.221,1.171,0.828,0.508,0.26,0.024,Low-Mid,Top-Mid,2019
Belarus,5.323,1.067,1.465,0.789,0.235,0.094,0.142,Low-Mid,Top-Mid,2019
Greece,5.287,1.181,1.156,0.999,0.067,0.0,0.034,Low-Mid,Top-Mid,2019
Mongolia,5.285,0.948,1.531,0.667,0.317,0.235,0.038,Low-Mid,Low-Mid,2019
North Macedonia,5.274,0.983,1.294,0.838,0.345,0.185,0.034,Low-Mid,Top-Mid,2019
Nigeria,5.265,0.696,1.111,0.245,0.426,0.215,0.041,Low-Mid,Low-Mid,2019
Kyrgyzstan,5.261,0.551,1.438,0.723,0.508,0.3,0.023,Low-Mid,Low,2019
Turkmenistan,5.247,1.052,1.538,0.657,0.394,0.244,0.028,Low-Mid,Top-Mid,2019
Algeria,5.211,1.002,1.16,0.785,0.086,0.073,0.114,Low-Mid,Top-Mid,2019
Morocco,5.208,0.801,0.782,0.782,0.418,0.036,0.076,Low-Mid,Low-Mid,2019
Azerbaijan,5.208,1.043,1.147,0.769,0.351,0.035,0.182,Low-Mid,Top-Mid,2019
Lebanon,5.197,0.987,1.224,0.815,0.216,0.166,0.027,Low-Mid,Top-Mid,2019
Indonesia,5.192,0.931,1.203,0.66,0.491,0.498,0.028,Low-Mid,Low-Mid,2019
China,5.191,1.029,1.125,0.893,0.521,0.058,0.1,Low-Mid,Top-Mid,2019
Vietnam,5.175,0.741,1.346,0.851,0.543,0.147,0.073,Low-Mid,Low-Mid,2019
Bhutan,5.082,0.813,1.321,0.604,0.457,0.37,0.167,Low-Mid,Low-Mid,2019
Cameroon,5.044,0.549,0.91,0.331,0.381,0.187,0.037,Low-Mid,Low,2019
Bulgaria,5.011,1.092,1.513,0.815,0.311,0.081,0.004,Low-Mid,Top-Mid,2019
Ghana,4.996,0.611,0.868,0.486,0.381,0.245,0.04,Low-Mid,Low-Mid,2019
Ivory Coast,4.944,0.569,0.808,0.232,0.352,0.154,0.09,Low-Mid,Low,2019
Nepal,4.913,0.446,1.226,0.677,0.439,0.285,0.089,Low-Mid,Low,2019
Jordan,4.906,0.837,1.225,0.815,0.383,0.11,0.13,Low-Mid,Low-Mid,2019
Benin,4.883,0.393,0.437,0.397,0.349,0.175,0.082,Low-Mid,Low,2019
Congo (Brazzaville),4.812,0.673,0.799,0.508,0.372,0.105,0.093,Low-Mid,Low-Mid,2019
Gabon,4.799,1.057,1.183,0.571,0.295,0.043,0.055,Low-Mid,Top-Mid,2019
Laos,4.796,0.764,1.03,0.551,0.547,0.266,0.164,Low-Mid,Low-Mid,2019
South Africa,4.722,0.96,1.351,0.469,0.389,0.13,0.055,Low-Mid,Low-Mid,2019
Albania,4.719,0.947,0.848,0.874,0.383,0.178,0.027,Low-Mid,Low-Mid,2019
Venezuela,4.707,0.96,1.427,0.805,0.154,0.064,0.047,Low-Mid,Low-Mid,2019
Cambodia,4.7,0.574,1.122,0.637,0.609,0.232,0.062,Low-Mid,Low,2019
Palestinian Territories,4.696,0.657,1.247,0.672,0.225,0.103,0.066,Low-Mid,Low-Mid,2019
Senegal,4.681,0.45,1.134,0.571,0.292,0.153,0.072,Low-Mid,Low,2019
Somalia,4.668,0.0,0.698,0.268,0.559,0.243,0.27,Low-Mid,Low,2019
Namibia,4.639,0.879,1.313,0.477,0.401,0.07,0.056,Low-Mid,Low-Mid,2019
Niger,4.628,0.138,0.774,0.366,0.318,0.188,0.102,Low-Mid,Low,2019
Burkina Faso,4.587,0.331,1.056,0.38,0.255,0.177,0.113,Low-Mid,Low,2019
Armenia,4.559,0.85,1.055,0.815,0.283,0.095,0.064,Low-Mid,Low-Mid,2019
Iran,4.548,1.1,0.842,0.785,0.305,0.27,0.125,Low-Mid,Top-Mid,2019
Guinea,4.534,0.38,0.829,0.375,0.332,0.207,0.086,Low,Low,2019
Georgia,4.519,0.886,0.666,0.752,0.346,0.043,0.164,Low,Low-Mid,2019
Gambia,4.516,0.308,0.939,0.428,0.382,0.269,0.167,Low,Low,2019
Kenya,4.509,0.512,0.983,0.581,0.431,0.372,0.053,Low,Low,2019
Mauritania,4.49,0.57,1.167,0.489,0.066,0.106,0.088,Low,Low,2019
Mozambique,4.466,0.204,0.986,0.39,0.494,0.197,0.138,Low,Low,2019
Tunisia,4.461,0.921,1.0,0.815,0.167,0.059,0.055,Low,Low-Mid,2019
Bangladesh,4.456,0.562,0.928,0.723,0.527,0.166,0.143,Low,Low,2019
Iraq,4.437,1.043,0.98,0.574,0.241,0.148,0.089,Low,Top-Mid,2019
Congo (Kinshasa),4.418,0.094,1.125,0.357,0.269,0.212,0.053,Low,Low,2019
Mali,4.39,0.385,1.105,0.308,0.327,0.153,0.052,Low,Low,2019
Sierra Leone,4.374,0.268,0.841,0.242,0.309,0.252,0.045,Low,Low,2019
Sri Lanka,4.366,0.949,1.265,0.831,0.47,0.244,0.047,Low,Low-Mid,2019
Myanmar,4.36,0.71,1.181,0.555,0.525,0.566,0.172,Low,Low-Mid,2019
Chad,4.35,0.35,0.766,0.192,0.174,0.198,0.078,Low,Low,2019
Ukraine,4.332,0.82,1.39,0.739,0.178,0.187,0.01,Low,Low-Mid,2019
Ethiopia,4.286,0.336,1.033,0.532,0.344,0.209,0.1,Low,Low,2019
Swaziland,4.212,0.811,1.149,0.0,0.313,0.074,0.135,Low,Low-Mid,2019
Uganda,4.189,0.332,1.069,0.443,0.356,0.252,0.06,Low,Low,2019
Egypt,4.166,0.913,1.039,0.644,0.241,0.076,0.067,Low,Low-Mid,2019
Zambia,4.107,0.578,1.058,0.426,0.431,0.247,0.087,Low,Low,2019
Togo,4.085,0.275,0.572,0.41,0.293,0.177,0.085,Low,Low,2019
India,4.015,0.755,0.765,0.588,0.498,0.2,0.085,Low,Low-Mid,2019
Liberia,3.975,0.073,0.922,0.443,0.37,0.233,0.033,Low,Low,2019
Comoros,3.973,0.274,0.757,0.505,0.142,0.275,0.078,Low,Low,2019
Madagascar,3.933,0.274,0.916,0.555,0.148,0.169,0.041,Low,Low,2019
Lesotho,3.802,0.489,1.169,0.168,0.359,0.107,0.093,Low,Low,2019
Burundi,3.775,0.046,0.447,0.38,0.22,0.176,0.18,Low,Low,2019
Zimbabwe,3.663,0.366,1.114,0.433,0.361,0.151,0.089,Low,Low,2019
Haiti,3.597,0.323,0.688,0.449,0.026,0.419,0.11,Low,Low,2019
Botswana,3.488,1.041,1.145,0.538,0.455,0.025,0.1,Low,Top-Mid,2019
Syria,3.462,0.619,0.378,0.44,0.013,0.331,0.141,Low,Low-Mid,2019
Malawi,3.41,0.191,0.56,0.495,0.443,0.218,0.089,Low,Low,2019
Yemen,3.38,0.287,1.163,0.463,0.143,0.108,0.077,Low,Low,2019
Rwanda,3.334,0.359,0.711,0.614,0.555,0.217,0.411,Low,Low,2019
Tanzania,3.231,0.476,0.885,0.499,0.417,0.276,0.147,Low,Low,2019
Afghanistan,3.203,0.35,0.517,0.361,0.0,0.158,0.025,Low,Low,2019
Central African Republic,3.083,0.026,0.0,0.105,0.225,0.235,0.035,Low,Low,2019
South Sudan,2.853,0.306,0.575,0.295,0.01,0.202,0.091,Low,Low,2019
Finland,7.808700085,10.63926697,0.954329729,71.9008255,0.949172199,-0.059482019,0.195444584,Top,Top,2020
Denmark,7.645599842,10.77400112,0.955990791,72.40250397,0.951444268,0.066201776,0.168489456,Top,Top,2020
Switzerland,7.559899807,10.97993279,0.942846596,74.10244751,0.921336651,0.105911039,0.303728431,Top,Top,2020
Iceland,7.504499912,10.77255917,0.974669576,73.0,0.948891878,0.246944219,0.711709738,Top,Top,2020
Norway,7.487999916,11.08780384,0.952486575,73.20078278,0.955750287,0.13453263,0.263218194,Top,Top,2020
Netherlands,7.448900223,10.81271172,0.93913883,72.30091858,0.908547819,0.20761244,0.364717126,Top,Top,2020
Sweden,7.353499889,10.75879383,0.926311195,72.60076904,0.939144194,0.111614622,0.250880182,Top,Top,2020
New Zealand,7.299600124,10.50094318,0.949118972,73.20262909,0.936217487,0.191598073,0.22113885,Top,Top,2020
Austria,7.294199944,10.7428236,0.928045869,73.00250244,0.899989486,0.085429221,0.499954879,Top,Top,2020
Luxembourg,7.237500191,11.45068073,0.906912208,72.59999847,0.90563643,-0.004620588,0.367084295,Top,Top,2020
Canada,7.23210001,10.69236851,0.927176654,73.60160065,0.933913231,0.124770768,0.390843362,Top,Top,2020
Australia,7.222799778,10.72059631,0.944854617,73.60453796,0.915431738,0.19046016,0.41516912,Top,Top,2020
United Kingdom,7.164500237,10.60013485,0.93668282,72.30160522,0.834743679,0.263732493,0.435915917,Top,Top,2020
Israel,7.128600121,10.41752529,0.913571239,73.20025635,0.747580588,0.10259372,0.78085506,Top,Top,2020
Costa Rica,7.121399879,9.658156395,0.901545942,71.29985046,0.934738934,-0.10242971,0.786332428,Top,Top-Mid,2020
Ireland,7.093699932,11.16097832,0.942081571,72.30078888,0.886982977,0.145784974,0.357184172,Top,Top,2020
Germany,7.075799942,10.7328186,0.898874462,72.20201874,0.867371082,0.080179386,0.456422031,Top,Top,2020
United States,6.939599991,10.92576885,0.914219022,68.29949951,0.842619538,0.149891734,0.699715316,Top,Top,2020
Czech Republic,6.910900116,10.40416336,0.914430678,70.04793549,0.818537354,-0.230861515,0.85844624,Top,Top,2020
Belgium,6.863500118,10.6736393,0.911632538,72.00164795,0.813582063,-0.078691199,0.612297952,Top,Top,2020
United Arab Emirates,6.790800095,11.1099987,0.849181116,67.08278656,0.941345513,0.123450845,0.594502211,Top,Top,2020
Malta,6.772799969,10.53383827,0.93037951,72.19999695,0.924911439,0.214965805,0.658547282,Top,Top,2020
France,6.663799763,10.58422279,0.937103748,73.80193329,0.825467646,-0.130641967,0.583521128,Top,Top,2020
Mexico,6.465000153,9.797797203,0.838665426,68.29902649,0.858709276,-0.175266623,0.806821585,Top,Top-Mid,2020
Taiwan Province of China,6.45539999,10.77568531,0.894309103,69.59999847,0.77153033,-0.073198698,0.73188293,Top,Top,2020
Uruguay,6.440100193,9.948192596,0.92281127,69.00254822,0.892395437,-0.101103112,0.635994136,Top,Top-Mid,2020
Saudi Arabia,6.406499863,10.79781246,0.874067068,66.30514526,0.854191244,-0.168695062,0.682619512,Top,Top,2020
Spain,6.400899887,10.46292686,0.921125412,74.40270996,0.751989543,-0.050961714,0.765859902,Top,Top,2020
Guatemala,6.398900032,8.924805641,0.816621482,64.8089447,0.908147573,-0.042938665,0.783237457,Top,Low-Mid,2020
Italy,6.38740015,10.48183632,0.889878571,73.60168457,0.66465199,-0.043460999,0.873404682,Top,Top,2020
Singapore,6.377099991,11.39552116,0.910268962,76.80458069,0.926645339,0.029879224,0.109784193,Top,Top,2020
Brazil,6.375599861,9.56643486,0.896723807,66.48016357,0.799804807,-0.101812392,0.770601273,Top,Top-Mid,2020
Slovenia,6.363399982,10.39232254,0.939575672,71.1029892,0.936142623,-0.080603383,0.817071021,Top,Top,2020
El Salvador,6.34829998,8.909075737,0.806092262,66.10826111,0.833805263,-0.121072978,0.754319906,Top,Low-Mid,2020
Kosovo,6.325200081,9.204429626,0.820726514,63.88555527,0.861535907,0.190933764,0.922328293,Top,Low-Mid,2020
Panama,6.304800034,10.03423405,0.902094483,69.60301208,0.880366504,-0.153927714,0.851588905,Top,Top-Mid,2020
Slovakia,6.280600071,10.34774971,0.922493756,68.90634155,0.749952674,-0.124409303,0.918096125,Top,Top,2020
Uzbekistan,6.257599831,8.740371704,0.926595807,65.10757446,0.974998116,0.248427153,0.501497388,Top,Low-Mid,2020
Chile,6.228499889,10.0320549,0.879713595,69.90061951,0.744896293,-0.065668367,0.838239431,Top-Mid,Top-Mid,2020
Bahrain,6.227300167,10.67638016,0.876342118,68.5,0.905855775,0.13372919,0.7393471,Top-Mid,Top,2020
Lithuania,6.215499878,10.34362602,0.926107109,67.29407501,0.747381449,-0.219725296,0.809583843,Top-Mid,Top,2020
Trinidad and Tobago,6.191899776,10.26000214,0.91529417,63.5,0.857907116,0.000526841,0.912230611,Top-Mid,Top-Mid,2020
Poland,6.186299801,10.26512432,0.874257445,69.31113434,0.862055779,-0.205084071,0.686927021,Top-Mid,Top-Mid,2020
Colombia,6.163400173,9.500369072,0.884440243,67.69958496,0.836179912,-0.161235645,0.86457181,Top-Mid,Top-Mid,2020
Cyprus,6.15899992,10.40570259,0.805996239,73.70222473,0.779858291,0.043731496,0.856271744,Top-Mid,Top,2020
Nicaragua,6.13710022,8.493160248,0.857497036,67.50717926,0.863902867,0.020959141,0.665950119,Top-Mid,Low-Mid,2020
Romania,6.123700142,10.107584,0.825161517,67.20723724,0.842823207,-0.19781521,0.934300244,Top-Mid,Top-Mid,2020
Kuwait,6.102099895,11.08982468,0.846475244,66.76764679,0.872366488,-0.100184701,0.760849059,Top-Mid,Top,2020
Mauritius,6.101299763,9.956786156,0.910357833,66.40434265,0.889534533,-0.018318573,0.805343091,Top-Mid,Top-Mid,2020
Kazakhstan,6.057899952,10.11465836,0.934744895,64.60996246,0.811601937,-0.068488635,0.764490843,Top-Mid,Top-Mid,2020
Estonia,6.021800041,10.34001732,0.934729993,68.60495758,0.87770915,-0.111697771,0.623073816,Top-Mid,Top,2020
Philippines,6.006000042,8.993545532,0.846730053,61.92676163,0.915463448,-0.105463006,0.733634114,Top-Mid,Low-Mid,2020
Hungary,6.000400066,10.24924374,0.921934128,67.60997009,0.718964577,-0.194323018,0.892916501,Top-Mid,Top-Mid,2020
Thailand,5.998799801,9.741791725,0.889973223,67.25059509,0.905063033,0.268685192,0.886272311,Top-Mid,Top-Mid,2020
Argentina,5.974699974,9.810955048,0.900567949,68.80380249,0.831132412,-0.194913864,0.842009842,Top-Mid,Top-Mid,2020
Honduras,5.953199863,8.424534798,0.821870148,67.19876862,0.870603263,0.086969115,0.801131904,Top-Mid,Low-Mid,2020
Latvia,5.949999809,10.17531967,0.918288589,66.8074646,0.671237648,-0.186888844,0.795580089,Top-Mid,Top-Mid,2020
Ecuador,5.925199986,9.246058464,0.836418986,68.50003815,0.859828949,-0.127014965,0.801215112,Top-Mid,Low-Mid,2020
Portugal,5.910900116,10.26374245,0.886590719,72.40202332,0.888747811,-0.220714301,0.892629504,Top-Mid,Top-Mid,2020
Jamaica,5.889800072,9.006250381,0.915701866,67.09999847,0.858068526,-0.125106767,0.888890028,Top-Mid,Low-Mid,2020
South Korea,5.872399807,10.51056671,0.799387157,73.6027298,0.612965107,-0.043404032,0.789067447,Top-Mid,Top,2020
Japan,5.870800018,10.57968903,0.883545935,75.00096893,0.809961379,-0.246910349,0.654558063,Top-Mid,Top,2020
Peru,5.796800137,9.456313133,0.831075251,68.10023499,0.824766099,-0.16238822,0.893714964,Top-Mid,Low-Mid,2020
Serbia,5.77820015,9.680980682,0.881475747,68.21020508,0.726495862,-0.073676221,0.843509018,Top-Mid,Top-Mid,2020
Bolivia,5.747499943,8.851115227,0.803108692,63.6004715,0.875873327,-0.09168113,0.822606206,Top-Mid,Low-Mid,2020
Pakistan,5.69329977,8.482727051,0.689062297,58.25313568,0.734833717,0.04489987,0.745705426,Top-Mid,Low-Mid,2020
Paraguay,5.692100048,9.389982224,0.898727894,65.63993835,0.885923445,0.007997713,0.834788501,Top-Mid,Low-Mid,2020
Dominican Republic,5.689199924,9.664880753,0.882085383,65.80748749,0.866202772,-0.131263286,0.755999923,Top-Mid,Top-Mid,2020
Bosnia and Herzegovina,5.674099922,9.455817223,0.829204142,67.80813599,0.651352704,0.098274559,0.933769107,Top-Mid,Low-Mid,2020
Moldova,5.607500076,8.776714325,0.843313575,65.01301575,0.721609175,-0.037741039,0.913314283,Top-Mid,Low-Mid,2020
Tajikistan,5.555699825,8.024810791,0.835297108,64.10459137,0.831383407,-0.025088511,0.592076063,Top-Mid,Low,2020
Montenegro,5.54610014,9.751860619,0.855314612,68.50534821,0.649565637,-0.075600356,0.783121586,Top-Mid,Top-Mid,2020
Russia,5.546000004,10.12887192,0.903150737,64.10045624,0.729892612,-0.151153743,0.864802599,Top-Mid,Top-Mid,2020
Kyrgyzstan,5.541500092,8.148405075,0.887228489,64.10601044,0.909374893,0.154772058,0.888396084,Top-Mid,Low,2020
Belarus,5.539899826,9.779945374,0.90674746,66.10433197,0.639163077,-0.164926544,0.63571167,Top-Mid,Top-Mid,2020
North Cyprus,5.53550005,10.40570259,0.820356607,73.70222473,0.79529351,0.000227159,0.62611568,Top-Mid,Top,2020
Greece,5.514999866,10.13232613,0.814380348,72.40525818,0.541345119,-0.300907373,0.859931409,Low-Mid,Top-Mid,2020
Hong Kong S.A.R. of China,5.510399818,10.9346714,0.845969081,76.77170563,0.779833794,0.134979904,0.420607209,Low-Mid,Top,2020
Croatia,5.504700184,10.07087517,0.874623716,70.21490479,0.714838803,-0.128538325,0.916495264,Low-Mid,Top-Mid,2020
Libya,5.488800049,9.789815903,0.825942934,62.29999924,0.773157001,-0.085054487,0.668779135,Low-Mid,Top-Mid,2020
Mongolia,5.456200123,9.412186623,0.937142491,62.30448532,0.693351328,0.098093867,0.863511205,Low-Mid,Low-Mid,2020
Malaysia,5.384300232,10.26251888,0.816509426,67.10215759,0.894626856,0.114726797,0.839302301,Low-Mid,Top-Mid,2020
Vietnam,5.353499889,8.809545517,0.849987149,67.9527359,0.939592957,-0.094533332,0.79642123,Low-Mid,Low-Mid,2020
Indonesia,5.285600185,9.36975193,0.808379889,62.15584946,0.870614409,0.519586504,0.876296401,Low-Mid,Low-Mid,2020
Ivory Coast,5.233300209,8.225561142,0.658048689,49.50377274,0.727909327,-0.043991156,0.790771961,Low-Mid,Low,2020
Benin,5.21600008,7.674319744,0.468671143,54.31246567,0.735182583,-0.003537213,0.740532577,Low-Mid,Low,2020
Maldives,5.197599888,9.518632889,0.91316092,70.59999847,0.853962779,0.038085498,0.824211061,Low-Mid,Top-Mid,2020
Congo (Brazzaville),5.194399834,8.536987305,0.640228093,57.92448044,0.719058514,-0.123674095,0.751779079,Low-Mid,Low-Mid,2020
Azerbaijan,5.164800167,9.687726974,0.819308281,65.50839996,0.786824107,-0.240255281,0.55253756,Low-Mid,Top-Mid,2020
Macedonia,5.159800053,9.510591507,0.820392311,67.50442505,0.738840938,-0.019877451,0.897490501,Low-Mid,Top-Mid,2020
Ghana,5.147999763,8.350645065,0.728601098,57.20398712,0.794796526,0.094170853,0.847964764,Low-Mid,Low,2020
Nepal,5.137199879,7.925357342,0.785512447,63.77917862,0.797565043,0.154168829,0.738099158,Low-Mid,Low,2020
Turkey,5.131800175,10.12941933,0.826313555,66.90281677,0.608830452,-0.171046436,0.748197377,Low-Mid,Top-Mid,2020
China,5.123899937,9.688568115,0.798760593,69.2891922,0.898517907,-0.18142575,0.7539711,Low-Mid,Top-Mid,2020
Turkmenistan,5.119100094,9.74803257,0.958966196,62.21170807,0.826457024,0.187671542,0.883691847,Low-Mid,Top-Mid,2020
Bulgaria,5.101500034,9.869318962,0.937840343,66.80397797,0.745178163,-0.143908441,0.935585141,Low-Mid,Top-Mid,2020
Morocco,5.094799995,8.940313339,0.592628479,65.89624023,0.772072434,-0.240377247,0.815724611,Low-Mid,Low-Mid,2020
Cameroon,5.084899902,8.118647575,0.700386405,52.7049408,0.763051808,-0.00149645,0.851336598,Low-Mid,Low,2020
Venezuela,5.053199768,8.977793694,0.890408158,66.50534058,0.62327832,-0.169090509,0.837038398,Low-Mid,Low-Mid,2020
Algeria,5.005099773,9.537964821,0.803385139,65.90517426,0.466610909,-0.121105164,0.735485137,Low-Mid,Top-Mid,2020
Senegal,4.980800152,8.118982315,0.723616004,59.59915161,0.690596163,-0.052335154,0.808785141,Low-Mid,Low,2020
Guinea,4.949299812,7.750990391,0.637573481,54.46780014,0.706846774,0.076328471,0.761794448,Low-Mid,Low,2020
Niger,4.909599781,6.842166901,0.617435038,53.50009537,0.759772122,0.013860817,0.722530186,Low-Mid,Low,2020
Laos,4.888599873,8.79858017,0.737502217,58.70992279,0.907213569,0.11137148,0.634679317,Low-Mid,Low-Mid,2020
Albania,4.882699966,9.417930603,0.671070457,68.70813751,0.781994224,-0.042309489,0.896303713,Low-Mid,Low-Mid,2020
Cambodia,4.848400116,8.249890327,0.773080647,61.52996826,0.959704638,0.051911179,0.822769046,Low-Mid,Low,2020
Bangladesh,4.832799911,8.287063599,0.687292993,64.50306702,0.90062499,-0.033664726,0.661843538,Low-Mid,Low,2020
Gabon,4.829299927,9.680537224,0.787886858,59.71533966,0.704829216,-0.222261623,0.849150956,Low-Mid,Top-Mid,2020
South Africa,4.814099789,9.403370857,0.852532268,56.50601196,0.759330094,-0.109777324,0.843423843,Low-Mid,Low-Mid,2020
Iraq,4.784800053,9.661095619,0.747694969,59.90354919,0.633182645,-0.06956476,0.82226181,Low-Mid,Top-Mid,2020
Lebanon,4.771500111,9.3617239,0.824338138,67.10658264,0.551357508,-0.06121527,0.90225625,Low-Mid,Low-Mid,2020
Burkina Faso,4.768700123,7.46854496,0.712943614,53.88945389,0.665563583,-0.019080516,0.739795029,Low-Mid,Low,2020
Gambia,4.750599861,7.321814537,0.6931687,55.0120163,0.733163178,0.343198717,0.690717816,Low-Mid,Low,2020
Mali,4.729300022,7.629852295,0.731468976,51.72698212,0.71156615,-0.044366926,0.839328408,Low-Mid,Low,2020
Nigeria,4.724100113,8.57662487,0.73721689,49.86190796,0.759578407,0.033745807,0.861874342,Low,Low-Mid,2020
Armenia,4.676799774,9.100476265,0.757479429,66.75065613,0.712017834,-0.13877961,0.773544788,Low,Low-Mid,2020
Georgia,4.672599792,9.226100922,0.629033029,64.49520874,0.801641524,-0.22892037,0.665944695,Low,Low-Mid,2020
Iran,4.672399998,9.813719749,0.694689691,66.00614929,0.647873282,0.117891103,0.714635968,Low,Top-Mid,2020
Jordan,4.633399963,9.025999069,0.80216372,66.79975128,0.75104779,-0.162565202,0.700344324,Low,Low-Mid,2020
Mozambique,4.623600006,7.069345951,0.723874032,54.20582199,0.864451885,0.032375868,0.683019102,Low,Low,2020
Kenya,4.583000183,8.02977562,0.702652037,60.09693146,0.829747558,0.294681519,0.831499159,Low,Low,2020
Namibia,4.571100235,9.203141212,0.846880972,56.50148773,0.767520964,-0.18530646,0.851449788,Low,Low-Mid,2020
Ukraine,4.56069994,9.010690689,0.878879368,64.60678101,0.663081884,-0.030933706,0.920636714,Low,Low-Mid,2020
Liberia,4.557899952,7.054380417,0.70928055,56.09631348,0.735268712,0.04227322,0.856375933,Low,Low,2020
Palestinian Territories,4.552800179,8.389223099,0.825295925,62.25,0.645791829,-0.162079096,0.824199975,Low,Low-Mid,2020
Uganda,4.43200016,7.500389576,0.764994621,55.70820236,0.731713951,0.099487431,0.836737812,Low,Low,2020
Chad,4.422699928,7.467963696,0.632388055,48.22053909,0.587305248,0.017834719,0.802760839,Low,Low,2020
Tunisia,4.392199993,9.314972878,0.688718557,66.89785767,0.593361557,-0.216413811,0.867590249,Low,Low-Mid,2020
Mauritania,4.374599934,8.233919144,0.790819228,57.01017761,0.551522553,-0.106008142,0.746223509,Low,Low,2020
Sri Lanka,4.327000141,9.389969826,0.825374067,67.20006561,0.837633669,0.081129618,0.859001756,Low,Low-Mid,2020
Congo (Kinshasa),4.31099987,6.694256306,0.672159016,52.90000153,0.700793564,0.083637655,0.809403598,Low,Low,2020
Swaziland,4.308100224,9.16267395,0.770290196,51.18823624,0.646822274,-0.19920142,0.708263338,Low,Low-Mid,2020
Myanmar,4.308000088,8.680481911,0.78440702,58.96171188,0.895075202,0.560663998,0.645124316,Low,Low-Mid,2020
Comoros,4.288599968,7.833630085,0.625662446,57.34901047,0.547612607,0.090008408,0.780622602,Low,Low,2020
Togo,4.187200069,7.357711315,0.551312625,54.71989822,0.649828613,0.002667875,0.757733464,Low,Low,2020
Ethiopia,4.186200142,7.509385586,0.743307352,58.63959122,0.740795195,0.043377332,0.753690004,Low,Low,2020
Madagascar,4.165599823,7.281685829,0.668195903,59.10542679,0.557574093,-0.011823639,0.817485631,Low,Low,2020
Egypt,4.151400089,9.316541672,0.735447824,61.78015137,0.708354175,-0.196878314,0.787726879,Low,Low-Mid,2020
Sierra Leone,3.926399946,7.26880312,0.636142015,50.86514282,0.715315044,0.088660747,0.861330688,Low,Low,2020
Burundi,3.775300026,6.492642403,0.490325719,53.40000153,0.626350224,-0.017551597,0.606934547,Low,Low,2020
Zambia,3.759399891,8.224720001,0.698824465,55.29937744,0.806500256,0.078037128,0.801289678,Low,Low,2020
Haiti,3.720799923,7.411329269,0.593247831,55.59862518,0.537825167,0.40053457,0.684767246,Low,Low,2020
Lesotho,3.652800083,7.960488319,0.780495703,48.00362396,0.738125861,-0.145732045,0.857392073,Low,Low,2020
India,3.573299885,8.849823952,0.592200935,60.21518707,0.881444871,0.057551607,0.772042692,Low,Low-Mid,2020
Malawi,3.538000107,7.062226295,0.544007301,57.59288788,0.803223193,0.021433279,0.731700778,Low,Low,2020
Yemen,3.527400017,7.759682655,0.817980587,56.72728348,0.599920273,-0.157735437,0.800287724,Low,Low,2020
Botswana,3.478899956,9.711203575,0.779121757,58.92445374,0.821328104,-0.250394493,0.777930915,Low,Top-Mid,2020
Tanzania,3.476200104,7.967665195,0.688933194,57.49607468,0.82153976,0.109668687,0.619799435,Low,Low,2020
Central African Republic,3.475899935,6.625160217,0.319459856,45.20000076,0.640880644,0.082410358,0.891806662,Low,Low,2020
Rwanda,3.312299967,7.600104332,0.54083544,61.09884644,0.900589406,0.055483952,0.183541179,Low,Low,2020
Zimbabwe,3.299200058,7.865711689,0.763092756,55.61725998,0.711457908,-0.072063953,0.81023699,Low,Low,2020
South Sudan,2.816600084,7.425359726,0.553707123,51.0,0.451313615,0.016518548,0.763417304,Low,Low,2020
Afghanistan,2.566900015,7.462860584,0.470366955,52.59000015,0.396573007,-0.0964294,0.933686554,Low,Low,2020
Finland,7.842,10.775,0.954,72.0,0.949,-0.098,0.186,Top,Top,2021
Denmark,7.62,10.933,0.954,72.7,0.946,0.03,0.179,Top,Top,2021
Switzerland,7.571,11.117,0.942,74.4,0.919,0.025,0.292,Top,Top,2021
Iceland,7.554,10.878,0.983,73.0,0.955,0.16,0.673,Top,Top,2021
Netherlands,7.464,10.932,0.942,72.4,0.913,0.175,0.338,Top,Top,2021
Norway,7.392,11.053,0.954,73.3,0.96,0.093,0.27,Top,Top,2021
Sweden,7.363,10.867,0.934,72.7,0.945,0.086,0.237,Top,Top,2021
Luxembourg,7.324,11.647,0.908,72.6,0.907,-0.034,0.386,Top,Top,2021
New Zealand,7.277,10.643,0.948,73.4,0.929,0.134,0.242,Top,Top,2021
Austria,7.268,10.906,0.934,73.3,0.908,0.042,0.481,Top,Top,2021
Australia,7.183,10.796,0.94,73.9,0.914,0.159,0.442,Top,Top,2021
Israel,7.157,10.575,0.939,73.503,0.8,0.031,0.753,Top,Top,2021
Germany,7.155,10.873,0.903,72.5,0.875,0.011,0.46,Top,Top,2021
Canada,7.103,10.776,0.926,73.8,0.915,0.089,0.415,Top,Top,2021
Ireland,7.085,11.342,0.947,72.4,0.879,0.077,0.363,Top,Top,2021
Costa Rica,7.069,9.88,0.891,71.4,0.934,-0.126,0.809,Top,Top-Mid,2021
United Kingdom,7.064,10.707,0.934,72.5,0.859,0.233,0.459,Top,Top,2021
Czech Republic,6.965,10.556,0.947,70.807,0.858,-0.208,0.868,Top,Top,2021
United States,6.951,11.023,0.92,68.2,0.837,0.098,0.698,Top,Top,2021
Belgium,6.834,10.823,0.906,72.199,0.783,-0.153,0.646,Top,Top,2021
France,6.69,10.704,0.942,74.0,0.822,-0.147,0.571,Top,Top,2021
Bahrain,6.647,10.669,0.862,69.495,0.925,0.089,0.722,Top,Top,2021
Malta,6.602,10.674,0.931,72.2,0.927,0.133,0.653,Top,Top,2021
Taiwan Province of China,6.584,10.871,0.898,69.6,0.784,-0.07,0.721,Top,Top,2021
United Arab Emirates,6.561,11.085,0.844,67.333,0.932,0.074,0.589,Top,Top,2021
Saudi Arabia,6.494,10.743,0.891,66.603,0.877,-0.149,0.684,Top,Top,2021
Spain,6.491,10.571,0.932,74.7,0.761,-0.081,0.745,Top,Top,2021
Italy,6.483,10.623,0.88,73.8,0.693,-0.084,0.866,Top,Top,2021
Slovenia,6.461,10.529,0.948,71.4,0.949,-0.101,0.806,Top,Top,2021
Guatemala,6.435,9.053,0.813,64.958,0.906,-0.038,0.775,Top,Low-Mid,2021
Uruguay,6.431,9.966,0.925,69.1,0.896,-0.092,0.59,Top,Top-Mid,2021
Singapore,6.377,11.488,0.915,76.953,0.927,-0.018,0.082,Top,Top,2021
Kosovo,6.372,9.318,0.821,63.813,0.869,0.257,0.917,Top,Low-Mid,2021
Slovakia,6.331,10.369,0.936,69.201,0.766,-0.124,0.911,Top,Top-Mid,2021
Brazil,6.33,9.577,0.882,66.601,0.804,-0.071,0.756,Top,Top-Mid,2021
Mexico,6.317,9.859,0.831,68.597,0.862,-0.147,0.799,Top,Top-Mid,2021
Jamaica,6.309,9.186,0.877,67.5,0.89,-0.137,0.884,Top,Low-Mid,2021
Lithuania,6.255,10.499,0.935,67.906,0.773,-0.203,0.826,Top-Mid,Top,2021
Cyprus,6.223,10.576,0.802,73.898,0.763,-0.015,0.844,Top-Mid,Top,2021
Estonia,6.189,10.481,0.941,68.8,0.909,-0.106,0.527,Top-Mid,Top,2021
Panama,6.18,10.35,0.896,69.652,0.872,-0.166,0.856,Top-Mid,Top-Mid,2021
Uzbekistan,6.179,8.836,0.918,65.255,0.97,0.311,0.515,Top-Mid,Low-Mid,2021
Chile,6.172,10.071,0.882,70.0,0.742,-0.044,0.83,Top-Mid,Top-Mid,2021
Poland,6.166,10.382,0.898,69.702,0.841,-0.165,0.735,Top-Mid,Top-Mid,2021
Kazakhstan,6.152,10.155,0.952,65.2,0.853,-0.069,0.733,Top-Mid,Top-Mid,2021
Romania,6.14,10.284,0.832,67.355,0.845,-0.219,0.938,Top-Mid,Top-Mid,2021
Kuwait,6.106,10.817,0.843,66.9,0.867,-0.104,0.736,Top-Mid,Top,2021
Serbia,6.078,9.787,0.873,68.6,0.778,0.002,0.835,Top-Mid,Top-Mid,2021
El Salvador,6.061,9.054,0.762,66.402,0.888,-0.11,0.688,Top-Mid,Low-Mid,2021
Mauritius,6.049,10.008,0.905,66.701,0.867,-0.054,0.789,Top-Mid,Top-Mid,2021
Latvia,6.032,10.315,0.927,67.1,0.715,-0.162,0.8,Top-Mid,Top-Mid,2021
Colombia,6.012,9.557,0.847,68.001,0.837,-0.135,0.841,Top-Mid,Low-Mid,2021
Hungary,5.992,10.358,0.943,68.0,0.755,-0.186,0.876,Top-Mid,Top-Mid,2021
Thailand,5.985,9.805,0.888,67.401,0.884,0.287,0.895,Top-Mid,Top-Mid,2021
Nicaragua,5.972,8.62,0.864,67.657,0.836,0.02,0.664,Top-Mid,Low-Mid,2021
Japan,5.94,10.611,0.884,75.1,0.796,-0.258,0.638,Top-Mid,Top,2021
Argentina,5.929,9.962,0.898,69.0,0.828,-0.182,0.834,Top-Mid,Top-Mid,2021
Portugal,5.929,10.421,0.879,72.6,0.892,-0.244,0.887,Top-Mid,Top-Mid,2021
Honduras,5.919,8.648,0.812,67.3,0.857,0.081,0.809,Top-Mid,Low-Mid,2021
Croatia,5.882,10.217,0.924,70.799,0.754,-0.118,0.939,Top-Mid,Top-Mid,2021
Philippines,5.88,9.076,0.83,62.0,0.917,-0.097,0.742,Top-Mid,Low-Mid,2021
South Korea,5.845,10.651,0.799,73.9,0.672,-0.083,0.727,Top-Mid,Top,2021
Peru,5.84,9.458,0.832,68.25,0.822,-0.154,0.891,Top-Mid,Low-Mid,2021
Bosnia and Herzegovina,5.813,9.59,0.87,68.098,0.706,0.113,0.931,Top-Mid,Top-Mid,2021
Moldova,5.766,9.454,0.857,65.699,0.822,-0.079,0.918,Top-Mid,Low-Mid,2021
Ecuador,5.764,9.313,0.821,68.8,0.842,-0.124,0.843,Top-Mid,Low-Mid,2021
Kyrgyzstan,5.744,8.538,0.893,64.401,0.935,0.119,0.908,Top-Mid,Low,2021
Greece,5.723,10.279,0.823,72.6,0.582,-0.288,0.823,Top-Mid,Top-Mid,2021
Bolivia,5.716,9.046,0.81,63.901,0.875,-0.077,0.839,Top-Mid,Low-Mid,2021
Mongolia,5.677,9.4,0.935,62.5,0.708,0.116,0.856,Top-Mid,Low-Mid,2021
Paraguay,5.653,9.448,0.893,65.9,0.876,0.028,0.882,Top-Mid,Low-Mid,2021
Montenegro,5.581,9.94,0.858,68.699,0.708,-0.034,0.812,Top-Mid,Top-Mid,2021
Dominican Republic,5.545,9.802,0.853,66.102,0.86,-0.133,0.714,Top-Mid,Top-Mid,2021
North Cyprus,5.536,10.576,0.82,73.898,0.795,0.012,0.626,Top-Mid,Top,2021
Belarus,5.534,9.853,0.91,66.253,0.65,-0.18,0.627,Low-Mid,Top-Mid,2021
Russia,5.477,10.189,0.903,64.703,0.718,-0.111,0.845,Low-Mid,Top-Mid,2021
Hong Kong S.A.R. of China,5.477,11.0,0.836,76.82,0.717,0.067,0.403,Low-Mid,Top,2021
Tajikistan,5.466,8.091,0.86,64.281,0.832,-0.056,0.553,Low-Mid,Low,2021
Vietnam,5.411,8.973,0.85,68.034,0.94,-0.098,0.796,Low-Mid,Low-Mid,2021
Libya,5.41,9.622,0.827,62.3,0.771,-0.087,0.667,Low-Mid,Top-Mid,2021
Malaysia,5.384,10.238,0.817,67.102,0.895,0.125,0.839,Low-Mid,Top-Mid,2021
Indonesia,5.345,9.365,0.811,62.236,0.873,0.542,0.867,Low-Mid,Low-Mid,2021
Congo (Brazzaville),5.342,8.117,0.636,58.221,0.695,-0.068,0.745,Low-Mid,Low,2021
China,5.339,9.673,0.811,69.593,0.904,-0.146,0.755,Low-Mid,Top-Mid,2021
Ivory Coast,5.306,8.551,0.644,50.114,0.741,-0.016,0.794,Low-Mid,Low-Mid,2021
Armenia,5.283,9.487,0.799,67.055,0.825,-0.168,0.629,Low-Mid,Low-Mid,2021
Nepal,5.269,8.12,0.774,64.233,0.782,0.152,0.727,Low-Mid,Low,2021
Bulgaria,5.266,10.016,0.931,67.0,0.788,-0.096,0.932,Low-Mid,Top-Mid,2021
Maldives,5.198,9.826,0.913,70.6,0.854,0.024,0.825,Low-Mid,Top-Mid,2021
Azerbaijan,5.171,9.569,0.836,65.656,0.814,-0.223,0.506,Low-Mid,Low-Mid,2021
Cameroon,5.142,8.189,0.71,53.515,0.731,0.026,0.848,Low-Mid,Low,2021
Senegal,5.132,8.118,0.71,59.802,0.695,-0.046,0.801,Low-Mid,Low,2021
Albania,5.117,9.52,0.697,68.999,0.785,-0.03,0.901,Low-Mid,Low-Mid,2021
North Macedonia,5.101,9.693,0.805,65.474,0.751,0.038,0.905,Low-Mid,Top-Mid,2021
Ghana,5.088,8.58,0.727,57.586,0.807,0.123,0.848,Low-Mid,Low-Mid,2021
Niger,5.074,7.098,0.641,53.78,0.806,0.018,0.693,Low-Mid,Low,2021
Turkmenistan,5.066,9.629,0.983,62.409,0.877,0.273,0.888,Low-Mid,Top-Mid,2021
Gambia,5.051,7.686,0.69,55.16,0.697,0.424,0.746,Low-Mid,Low,2021
Benin,5.045,8.087,0.489,54.713,0.757,-0.034,0.661,Low-Mid,Low,2021
Laos,5.03,8.947,0.728,58.968,0.91,0.123,0.658,Low-Mid,Low-Mid,2021
Bangladesh,5.025,8.454,0.693,64.8,0.877,-0.041,0.682,Low-Mid,Low,2021
Guinea,4.984,7.838,0.639,55.008,0.697,0.095,0.766,Low-Mid,Low,2021
South Africa,4.956,9.403,0.86,56.904,0.749,-0.067,0.86,Low-Mid,Low-Mid,2021
Turkey,4.948,10.24,0.822,67.199,0.576,-0.139,0.776,Low-Mid,Top-Mid,2021
Pakistan,4.934,8.458,0.651,58.709,0.726,0.098,0.787,Low-Mid,Low,2021
Morocco,4.918,8.903,0.56,66.208,0.774,-0.236,0.801,Low-Mid,Low-Mid,2021
Venezuela,4.892,9.073,0.861,66.7,0.615,-0.169,0.827,Low-Mid,Low-Mid,2021
Georgia,4.891,9.585,0.671,64.3,0.783,-0.238,0.655,Low-Mid,Top-Mid,2021
Algeria,4.887,9.342,0.802,66.005,0.48,-0.067,0.752,Low-Mid,Low-Mid,2021
Ukraine,4.875,9.436,0.888,64.902,0.724,-0.011,0.924,Low-Mid,Low-Mid,2021
Iraq,4.854,9.24,0.746,60.583,0.63,-0.053,0.875,Low-Mid,Low-Mid,2021
Gabon,4.852,9.603,0.776,59.962,0.731,-0.2,0.84,Low,Top-Mid,2021
Burkina Faso,4.834,7.678,0.672,54.151,0.695,-0.009,0.748,Low,Low,2021
Cambodia,4.83,8.36,0.765,62.0,0.959,0.034,0.843,Low,Low,2021
Mozambique,4.794,7.158,0.744,54.706,0.882,0.061,0.684,Low,Low,2021
Nigeria,4.759,8.533,0.74,50.102,0.737,0.037,0.878,Low,Low,2021
Mali,4.723,7.744,0.724,51.969,0.697,-0.036,0.827,Low,Low,2021
Iran,4.721,9.584,0.71,66.3,0.608,0.218,0.714,Low,Top-Mid,2021
Uganda,4.636,7.677,0.781,56.101,0.709,0.122,0.855,Low,Low,2021
Liberia,4.625,7.288,0.72,56.498,0.735,0.05,0.85,Low,Low,2021
Kenya,4.607,8.361,0.688,60.704,0.779,0.287,0.825,Low,Low,2021
Tunisia,4.596,9.266,0.691,67.201,0.656,-0.201,0.87,Low,Low-Mid,2021
Lebanon,4.584,9.626,0.848,67.355,0.525,-0.073,0.898,Low,Top-Mid,2021
Namibia,4.574,9.161,0.818,56.799,0.719,-0.149,0.847,Low,Low-Mid,2021
Palestinian Territories,4.517,8.485,0.826,62.25,0.653,-0.163,0.821,Low,Low,2021
Myanmar,4.426,8.541,0.779,59.302,0.876,0.509,0.66,Low,Low,2021
Jordan,4.395,9.182,0.767,67.0,0.755,-0.167,0.705,Low,Low-Mid,2021
Chad,4.355,7.364,0.619,48.478,0.579,0.041,0.807,Low,Low,2021
Sri Lanka,4.325,9.47,0.827,67.299,0.841,0.079,0.863,Low,Low-Mid,2021
Swaziland,4.308,9.065,0.77,50.833,0.647,-0.185,0.708,Low,Low-Mid,2021
Comoros,4.289,8.031,0.626,57.349,0.548,0.082,0.781,Low,Low,2021
Egypt,4.283,9.367,0.75,61.998,0.749,-0.182,0.795,Low,Low-Mid,2021
Ethiopia,4.275,7.694,0.764,59.0,0.752,0.082,0.761,Low,Low,2021
Mauritania,4.227,8.542,0.795,57.161,0.561,-0.106,0.731,Low,Low-Mid,2021
Madagascar,4.208,7.396,0.686,59.305,0.552,-0.005,0.803,Low,Low,2021
Togo,4.107,7.362,0.569,54.914,0.619,0.032,0.772,Low,Low,2021
Zambia,4.073,8.145,0.708,55.809,0.782,0.061,0.823,Low,Low,2021
Sierra Leone,3.849,7.434,0.63,51.651,0.717,0.084,0.866,Low,Low,2021
India,3.819,8.755,0.603,60.633,0.893,0.089,0.774,Low,Low-Mid,2021
Burundi,3.775,6.635,0.49,53.4,0.626,-0.024,0.607,Low,Low,2021
Yemen,3.658,7.578,0.832,57.122,0.602,-0.147,0.8,Low,Low,2021
Tanzania,3.623,7.876,0.702,57.999,0.833,0.183,0.577,Low,Low,2021
Haiti,3.615,7.477,0.54,55.7,0.593,0.422,0.721,Low,Low,2021
Malawi,3.6,6.958,0.537,57.948,0.78,0.038,0.729,Low,Low,2021
Lesotho,3.512,7.926,0.787,48.7,0.715,-0.131,0.915,Low,Low,2021
Botswana,3.467,9.782,0.784,59.269,0.824,-0.246,0.801,Low,Top-Mid,2021
Rwanda,3.415,7.676,0.552,61.4,0.897,0.061,0.167,Low,Low,2021
Zimbabwe,3.145,7.943,0.75,56.201,0.677,-0.047,0.821,Low,Low,2021
Afghanistan,2.523,7.695,0.463,52.493,0.382,-0.102,0.924,Low,Low,2021
Finland,7.821,1.892,"1,258","0,775","0,736","0,109","0,534",Top,Top,2022
Denmark,7.636,1.953,"1,243","0,777","0,719","0,188","0,532",Top,Top,2022
Iceland,7.557,1.936,"1,320","0,803","0,718","0,270","0,191",Top,Top,2022
Switzerland,7.512,2.026,"1,226","0,822","0,677","0,147","0,461",Top,Top,2022
Netherlands,7.415,1.945,"1,206","0,787","0,651","0,271","0,419",Top,Top,2022
Luxembourg*,7.404,2.209,"1,155","0,790","0,700","0,120","0,388",Top,Top,2022
Sweden,7.384,1.92,"1,204","0,803","0,724","0,218","0,512",Top,Top,2022
Norway,7.365,1.997,"1,239","0,786","0,728","0,217","0,474",Top,Top,2022
Israel,7.364,1.826,"1,221","0,818","0,568","0,155","0,143",Top,Top,2022
New Zealand,7.2,1.852,"1,235","0,752","0,680","0,245","0,483",Top,Top,2022
Austria,7.163,1.931,"1,165","0,774","0,623","0,193","0,329",Top,Top,2022
Australia,7.162,1.9,"1,203","0,772","0,676","0,258","0,341",Top,Top,2022
Ireland,7.041,2.129,"1,166","0,779","0,627","0,190","0,408",Top,Top,2022
Germany,7.034,1.924,"1,088","0,776","0,585","0,163","0,358",Top,Top,2022
Canada,7.025,1.886,"1,188","0,783","0,659","0,217","0,368",Top,Top,2022
United States,6.977,1.982,"1,182","0,628","0,574","0,220","0,177",Top,Top,2022
United Kingdom,6.943,1.867,"1,143","0,750","0,597","0,289","0,329",Top,Top,2022
Czechia,6.92,1.815,"1,260","0,715","0,660","0,158","0,048",Top,Top,2022
Belgium,6.805,1.907,"1,106","0,764","0,492","0,049","0,204",Top,Top,2022
France,6.687,1.863,"1,219","0,808","0,567","0,070","0,266",Top,Top,2022
Bahrain,6.647,1.854,"1,029","0,625","0,693","0,199","0,155",Top,Top,2022
Slovenia,6.63,1.81,"1,249","0,769","0,685","0,118","0,115",Top,Top,2022
Costa Rica,6.582,1.584,"1,054","0,744","0,661","0,089","0,102",Top,Top-Mid,2022
United Arab Emirates,6.576,1.998,"0,980","0,633","0,702","0,204","0,250",Top,Top,2022
Saudi Arabia,6.523,1.87,"1,092","0,577","0,651","0,078","0,180",Top,Top,2022
Taiwan Province of China,6.512,1.897,"1,095","0,733","0,542","0,075","0,168",Top,Top,2022
Singapore,6.48,2.149,"1,127","0,851","0,672","0,163","0,587",Top,Top,2022
Romania,6.477,1.719,"1,006","0,655","0,605","0,039","0,006",Top,Top-Mid,2022
Spain,6.476,1.808,"1,211","0,808","0,505","0,101","0,149",Top,Top,2022
Uruguay,6.474,1.615,"1,180","0,672","0,665","0,103","0,265",Top,Top-Mid,2022
Italy,6.467,1.834,"1,052","0,801","0,412","0,085","0,059",Top,Top,2022
Kosovo,6.455,1.362,"0,949","0,569","0,599","0,309","0,035",Top,Low-Mid,2022
Malta,6.447,1.838,"1,169","0,789","0,679","0,174","0,166",Top,Top,2022
Lithuania,6.446,1.804,"1,204","0,659","0,496","0,053","0,077",Top,Top,2022
Slovakia,6.391,1.736,"1,232","0,707","0,479","0,118","0,025",Top,Top-Mid,2022
Estonia,6.341,1.793,"1,232","0,728","0,689","0,123","0,333",Top,Top,2022
Panama,6.309,1.715,"1,107","0,709","0,592","0,049","0,051",Top,Top-Mid,2022
Brazil,6.293,1.462,"1,044","0,615","0,546","0,131","0,134",Top-Mid,Top-Mid,2022
Guatemala*,6.262,1.274,"0,831","0,522","0,662","0,112","0,115",Top-Mid,Low-Mid,2022
Kazakhstan,6.234,1.668,"1,220","0,611","0,584","0,134","0,157",Top-Mid,Top-Mid,2022
Cyprus,6.221,1.815,"0,909","0,819","0,448","0,123","0,062",Top-Mid,Top,2022
Latvia,6.18,1.732,"1,221","0,637","0,502","0,075","0,090",Top-Mid,Top-Mid,2022
Serbia,6.178,1.55,"1,086","0,658","0,546","0,219","0,088",Top-Mid,Top-Mid,2022
Chile,6.172,1.651,"1,080","0,748","0,460","0,124","0,069",Top-Mid,Top-Mid,2022
Nicaragua,6.165,1.105,"1,029","0,617","0,617","0,168","0,212",Top-Mid,Low-Mid,2022
Mexico,6.128,1.552,"0,886","0,623","0,621","0,092","0,115",Top-Mid,Top-Mid,2022
Croatia,6.125,1.705,"1,183","0,709","0,535","0,109","0,000",Top-Mid,Top-Mid,2022
Poland,6.123,1.758,"1,174","0,712","0,523","0,124","0,140",Top-Mid,Top-Mid,2022
El Salvador,6.12,1.265,"0,768","0,607","0,666","0,089","0,212",Top-Mid,Low-Mid,2022
Kuwait*,6.106,1.904,"0,983","0,747","0,617","0,087","0,147",Top-Mid,Top,2022
Hungary,6.086,1.748,"1,233","0,668","0,485","0,078","0,064",Top-Mid,Top-Mid,2022
Mauritius,6.071,1.591,"1,116","0,568","0,589","0,131","0,107",Top-Mid,Top-Mid,2022
Uzbekistan,6.063,1.219,"1,092","0,600","0,716","0,283","0,240",Top-Mid,Low-Mid,2022
Japan,6.039,1.835,"1,089","0,866","0,537","0,007","0,218",Top-Mid,Top,2022
Honduras,6.022,1.111,"0,885","0,555","0,582","0,202","0,076",Top-Mid,Low-Mid,2022
Portugal,6.016,1.76,"1,078","0,777","0,655","0,016","0,039",Top-Mid,Top-Mid,2022
Argentina,5.967,1.592,"1,102","0,662","0,555","0,081","0,085",Top-Mid,Top-Mid,2022
Greece,5.948,1.703,"0,980","0,774","0,249","0,015","0,108",Top-Mid,Top-Mid,2022
South Korea,5.935,1.851,"0,886","0,841","0,414","0,111","0,176",Top-Mid,Top,2022
Philippines,5.904,1.268,"0,912","0,514","0,678","0,107","0,142",Top-Mid,Low-Mid,2022
Thailand,5.891,1.535,"1,096","0,697","0,617","0,321","0,026",Top-Mid,Top-Mid,2022
Moldova,5.857,1.417,"1,008","0,597","0,561","0,102","0,028",Top-Mid,Low-Mid,2022
Jamaica,5.85,1.296,"1,045","0,646","0,567","0,080","0,053",Top-Mid,Low-Mid,2022
Kyrgyzstan,5.828,1.069,"1,109","0,638","0,693","0,208","0,025",Top-Mid,Low,2022
Belarus*,5.821,1.562,"1,157","0,629","0,342","0,040","0,282",Top-Mid,Top-Mid,2022
Colombia,5.781,1.452,"0,929","0,720","0,545","0,087","0,077",Top-Mid,Top-Mid,2022
Bosnia and Herzegovina,5.768,1.468,"1,068","0,665","0,448","0,244","0,006",Top-Mid,Top-Mid,2022
Mongolia,5.761,1.393,"1,197","0,467","0,398","0,247","0,059",Top-Mid,Low-Mid,2022
Dominican Republic,5.737,1.538,"1,003","0,577","0,606","0,084","0,179",Top-Mid,Top-Mid,2022
Malaysia,5.711,1.689,"0,938","0,620","0,654","0,213","0,126",Top-Mid,Top-Mid,2022
Bolivia,5.6,1.256,"0,880","0,555","0,627","0,112","0,064",Top-Mid,Low-Mid,2022
China,5.585,1.508,"0,958","0,705","0,656","0,099","0,142",Top-Mid,Top-Mid,2022
Paraguay,5.578,1.409,"1,130","0,624","0,629","0,171","0,059",Top-Mid,Low-Mid,2022
Peru,5.559,1.397,"0,865","0,735","0,545","0,090","0,037",Low-Mid,Low-Mid,2022
Montenegro,5.547,1.573,"1,023","0,659","0,460","0,135","0,077",Low-Mid,Top-Mid,2022
Ecuador,5.533,1.352,"0,879","0,708","0,565","0,080","0,083",Low-Mid,Low-Mid,2022
Vietnam,5.485,1.252,"0,932","0,611","0,707","0,143","0,105",Low-Mid,Low-Mid,2022
Turkmenistan*,5.474,1.484,"1,319","0,516","0,649","0,314","0,032",Low-Mid,Top-Mid,2022
North Cyprus*,5.467,1.815,"0,888","0,819","0,523","0,130","0,213",Low-Mid,Top,2022
Russia,5.459,1.685,"1,095","0,586","0,401","0,117","0,080",Low-Mid,Top-Mid,2022
Hong Kong S.A.R. of China,5.425,1.957,"0,954","0,942","0,400","0,147","0,383",Low-Mid,Top,2022
Armenia,5.399,1.434,"0,820","0,668","0,558","0,054","0,210",Low-Mid,Low-Mid,2022
Tajikistan,5.377,0.966,"1,005","0,518","0,572","0,118","0,304",Low-Mid,Low,2022
Nepal,5.377,0.984,"0,784","0,499","0,519","0,237","0,130",Low-Mid,Low,2022
Bulgaria,5.371,1.625,"1,163","0,640","0,563","0,123","0,021",Low-Mid,Top-Mid,2022
Libya*,5.33,1.476,"0,943","0,606","0,477","0,106","0,179",Low-Mid,Top-Mid,2022
Indonesia,5.24,1.382,"0,883","0,539","0,620","0,468","0,047",Low-Mid,Low-Mid,2022
Ivory Coast,5.235,1.094,"0,442","0,322","0,451","0,149","0,124",Low-Mid,Low,2022
North Macedonia,5.199,1.505,"0,863","0,637","0,488","0,215","0,031",Low-Mid,Top-Mid,2022
Albania,5.199,1.439,"0,646","0,719","0,511","0,138","0,028",Low-Mid,Low-Mid,2022
South Africa,5.194,1.425,"1,088","0,361","0,442","0,089","0,046",Low-Mid,Low-Mid,2022
Azerbaijan*,5.173,1.458,"1,093","0,560","0,601","0,023","0,341",Low-Mid,Top-Mid,2022
Gambia*,5.164,0.785,"0,621","0,369","0,367","0,388","0,103",Low-Mid,Low,2022
Bangladesh,5.155,1.06,"0,614","0,581","0,622","0,125","0,187",Low-Mid,Low,2022
Laos,5.14,1.239,"0,654","0,479","0,679","0,197","0,184",Low-Mid,Low-Mid,2022
Algeria,5.122,1.363,"0,970","0,643","0,146","0,106","0,150",Low-Mid,Low-Mid,2022
Liberia*,5.122,0.636,"0,670","0,309","0,405","0,178","0,080",Low-Mid,Low,2022
Ukraine,5.084,1.411,"1,081","0,583","0,473","0,188","0,017",Low-Mid,Low-Mid,2022
Congo,5.075,0.95,"0,405","0,355","0,431","0,130","0,146",Low-Mid,Low,2022
Morocco,5.06,1.208,"0,268","0,565","0,492","0,020","0,102",Low-Mid,Low-Mid,2022
Mozambique,5.048,0.578,"0,660","0,191","0,593","0,185","0,200",Low-Mid,Low,2022
Cameroon,5.048,0.968,"0,672","0,317","0,397","0,152","0,074",Low-Mid,Low,2022
Senegal,5.046,0.933,"0,530","0,447","0,494","0,143","0,081",Low-Mid,Low,2022
Niger*,5.003,0.57,"0,560","0,326","0,571","0,165","0,145",Low-Mid,Low,2022
Georgia,4.973,1.467,"0,612","0,595","0,508","0,000","0,208",Low-Mid,Top-Mid,2022
Gabon,4.958,1.459,"0,738","0,396","0,343","0,032","0,099",Low-Mid,Top-Mid,2022
Iraq,4.941,1.289,"0,682","0,554","0,328","0,147","0,046",Low-Mid,Low-Mid,2022
Venezuela,4.925,0.0,"0,968","0,578","0,283","0,225","0,082",Low-Mid,Low,2022
Guinea,4.891,0.848,"0,566","0,275","0,334","0,214","0,116",Low-Mid,Low,2022
Iran,4.888,1.41,"0,741","0,642","0,281","0,241","0,146",Low,Low-Mid,2022
Ghana,4.872,1.112,"0,595","0,409","0,500","0,230","0,056",Low,Low-Mid,2022
Turkey,4.744,1.707,"0,865","0,702","0,209","0,087","0,115",Low,Top-Mid,2022
Burkina Faso,4.67,0.779,"0,565","0,320","0,382","0,186","0,126",Low,Low,2022
Cambodia,4.64,1.019,"0,732","0,505","0,740","0,166","0,068",Low,Low,2022
Benin,4.623,0.932,"0,064","0,335","0,479","0,127","0,230",Low,Low,2022
Comoros*,4.609,0.899,"0,476","0,424","0,185","0,195","0,125",Low,Low,2022
Uganda,4.603,0.777,"0,875","0,418","0,402","0,222","0,066",Low,Low,2022
Nigeria,4.552,1.079,"0,732","0,300","0,444","0,175","0,038",Low,Low,2022
Kenya,4.543,1.032,"0,605","0,401","0,440","0,322","0,082",Low,Low,2022
Tunisia,4.516,1.35,"0,596","0,656","0,316","0,029","0,029",Low,Low-Mid,2022
Pakistan,4.516,1.049,"0,413","0,374","0,448","0,181","0,112",Low,Low,2022
Palestinian Territories*,4.483,1.148,"0,957","0,521","0,336","0,073","0,079",Low,Low-Mid,2022
Mali,4.479,0.792,"0,483","0,311","0,350","0,128","0,042",Low,Low,2022
Namibia,4.459,1.292,"0,877","0,354","0,384","0,067","0,071",Low,Low-Mid,2022
"Eswatini, Kingdom of*",4.396,1.274,"0,786","0,197","0,259","0,038","0,154",Low,Low-Mid,2022
Myanmar,4.394,1.038,"0,829","0,491","0,513","0,452","0,194",Low,Low,2022
Sri Lanka,4.362,1.415,"0,934","0,660","0,529","0,150","0,079",Low,Low-Mid,2022
Madagascar*,4.339,0.67,"0,645","0,378","0,202","0,143","0,154",Low,Low,2022
Egypt,4.288,1.388,"0,732","0,548","0,469","0,041","0,254",Low,Low-Mid,2022
Chad*,4.251,0.662,"0,506","0,225","0,180","0,182","0,077",Low,Low,2022
Ethiopia,4.241,0.788,"0,809","0,457","0,472","0,205","0,136",Low,Low,2022
Yemen*,4.197,0.691,"1,043","0,384","0,330","0,090","0,098",Low,Low,2022
Mauritania*,4.153,1.1,"0,865","0,450","0,304","0,088","0,138",Low,Low-Mid,2022
Jordan,4.152,1.324,"0,724","0,675","0,476","0,058","0,200",Low,Low-Mid,2022
Togo,4.112,0.771,"0,322","0,360","0,292","0,174","0,132",Low,Low,2022
India,3.777,1.167,"0,376","0,471","0,647","0,198","0,123",Low,Low-Mid,2022
Zambia,3.76,0.93,"0,577","0,306","0,525","0,203","0,083",Low,Low,2022
Malawi,3.75,0.648,"0,279","0,388","0,477","0,140","0,157",Low,Low,2022
Tanzania,3.702,0.848,"0,597","0,425","0,578","0,248","0,270",Low,Low,2022
Sierra Leone,3.574,0.686,"0,416","0,273","0,387","0,202","0,055",Low,Low,2022
Lesotho*,3.512,0.839,"0,848","0,000","0,419","0,076","0,018",Low,Low,2022
Botswana*,3.471,1.503,"0,815","0,280","0,571","0,012","0,102",Low,Top-Mid,2022
Rwanda*,3.268,0.785,"0,133","0,462","0,621","0,187","0,544",Low,Low,2022
Zimbabwe,2.995,0.947,"0,690","0,270","0,329","0,106","0,105",Low,Low,2022
Lebanon,2.955,1.392,"0,498","0,631","0,103","0,082","0,034",Low,Low-Mid,2022
Afghanistan,2.404,0.758,"0,000","0,289","0,000","0,089","0,005",Low,Low,2022
